{"last_download_failure": 1661564024.3514128, "last_download_success": 1650977474.3791852, "unseen_downloads": []}