{"last_download_success": 1653617970.279921, "unseen_downloads": [], "last_download_failure": 1653648772.9004886}